<?xml version="1.0"?>
<gconf>
	<entry name="auto_hide" mtime="1276693627" schema="/schemas/apps/panel/toplevels/auto_hide"/>
	<entry name="y_bottom" mtime="1276693627" schema="/schemas/apps/panel/toplevels/y_bottom"/>
	<entry name="orientation" mtime="1276693627" schema="/schemas/apps/panel/toplevels/orientation" type="string">
		<stringvalue>top</stringvalue>
	</entry>
	<entry name="y" mtime="1276693627" schema="/schemas/apps/panel/toplevels/y"/>
	<entry name="x" mtime="1276693627" schema="/schemas/apps/panel/toplevels/x"/>
	<entry name="auto_hide_size" mtime="1276693627" schema="/schemas/apps/panel/toplevels/auto_hide_size"/>
	<entry name="monitor" mtime="1276693627" schema="/schemas/apps/panel/toplevels/monitor"/>
	<entry name="animation_speed" mtime="1276693627" schema="/schemas/apps/panel/toplevels/animation_speed"/>
	<entry name="unhide_delay" mtime="1276693627" schema="/schemas/apps/panel/toplevels/unhide_delay"/>
	<entry name="screen" mtime="1276693627" schema="/schemas/apps/panel/toplevels/screen" type="int" value="0"/>
	<entry name="x_right" mtime="1276693627" schema="/schemas/apps/panel/toplevels/x_right"/>
	<entry name="x_centered" mtime="1276693627" schema="/schemas/apps/panel/toplevels/x_centered"/>
	<entry name="hide_delay" mtime="1276693627" schema="/schemas/apps/panel/toplevels/hide_delay"/>
	<entry name="size" mtime="1276693627" schema="/schemas/apps/panel/toplevels/size" type="int" value="24"/>
	<entry name="name" mtime="1276693627" schema="/schemas/apps/panel/toplevels/name"/>
	<entry name="expand" mtime="1276693627" schema="/schemas/apps/panel/toplevels/expand" type="bool" value="true"/>
	<entry name="enable_animations" mtime="1276693627" schema="/schemas/apps/panel/toplevels/enable_animations"/>
	<entry name="y_centered" mtime="1276693627" schema="/schemas/apps/panel/toplevels/y_centered"/>
	<entry name="enable_buttons" mtime="1276693627" schema="/schemas/apps/panel/toplevels/enable_buttons"/>
	<entry name="enable_arrows" mtime="1276693627" schema="/schemas/apps/panel/toplevels/enable_arrows"/>
</gconf>
