<?xml version="1.0"?>
<gconf>
	<entry name="monospace_font_name" mtime="1276692041" type="string">
		<stringvalue>monospace 18</stringvalue>
	</entry>
	<entry name="font_name" mtime="1276692041" type="string">
		<stringvalue>sans 18</stringvalue>
	</entry>
	<entry name="document_font_name" mtime="1276692041" type="string">
		<stringvalue>sans 18</stringvalue>
	</entry>
	<entry name="icon_theme" mtime="1276692041" type="string">
		<stringvalue>HighContrast</stringvalue>
	</entry>
	<entry name="gtk_theme" mtime="1276692041" type="string">
		<stringvalue>HighContrastLargePrint</stringvalue>
	</entry>
</gconf>
