<?xml version="1.0"?>
<gconf>
	<entry name="hour_format" mtime="1276693628" schema="/schemas/apps/clock_applet/prefs/hour_format"/>
	<entry name="temperature_unit" mtime="1276693628" schema="/schemas/apps/clock_applet/prefs/temperature_unit"/>
	<entry name="expand_locations" mtime="1276693628" schema="/schemas/apps/clock_applet/prefs/expand_locations"/>
	<entry name="unix_time" mtime="1276693628" schema="/schemas/apps/clock_applet/prefs/unix_time"/>
	<entry name="show_temperature" mtime="1276693628" schema="/schemas/apps/clock_applet/prefs/show_temperature"/>
	<entry name="format" mtime="1276693628" schema="/schemas/apps/clock_applet/prefs/format" type="string">
		<stringvalue>12-hour</stringvalue>
	</entry>
	<entry name="config_tool" mtime="1276693628" schema="/schemas/apps/clock_applet/prefs/config_tool"/>
	<entry name="cities" mtime="1276693628" schema="/schemas/apps/clock_applet/prefs/cities"/>
	<entry name="expand_birthdays" mtime="1276693628" schema="/schemas/apps/clock_applet/prefs/expand_birthdays"/>
	<entry name="show_date" mtime="1276693628" schema="/schemas/apps/clock_applet/prefs/show_date"/>
	<entry name="expand_appointments" mtime="1276693628" schema="/schemas/apps/clock_applet/prefs/expand_appointments"/>
	<entry name="expand_weather" mtime="1276693628" schema="/schemas/apps/clock_applet/prefs/expand_weather"/>
	<entry name="show_week_numbers" mtime="1276693628" schema="/schemas/apps/clock_applet/prefs/show_week_numbers"/>
	<entry name="show_seconds" mtime="1276693628" schema="/schemas/apps/clock_applet/prefs/show_seconds"/>
	<entry name="speed_unit" mtime="1276693628" schema="/schemas/apps/clock_applet/prefs/speed_unit"/>
	<entry name="internet_time" mtime="1276693628" schema="/schemas/apps/clock_applet/prefs/internet_time"/>
	<entry name="expand_tasks" mtime="1276693628" schema="/schemas/apps/clock_applet/prefs/expand_tasks"/>
	<entry name="show_tooltip" mtime="1276693628" schema="/schemas/apps/clock_applet/prefs/show_tooltip"/>
	<entry name="show_weather" mtime="1276693628" schema="/schemas/apps/clock_applet/prefs/show_weather"/>
	<entry name="gmt_time" mtime="1276693628" schema="/schemas/apps/clock_applet/prefs/gmt_time"/>
	<entry name="custom_format" mtime="1276693628" schema="/schemas/apps/clock_applet/prefs/custom_format"/>
</gconf>
