<?xml version="1.0"?>
<gconf>
	<entry name="applet_id_list" mtime="1276693628" type="list" ltype="string">
		<li type="string">
			<stringvalue>indicator_applet_screen0</stringvalue>
		</li>
		<li type="string">
			<stringvalue>fast_user_switch_screen0</stringvalue>
		</li>
		<li type="string">
			<stringvalue>notification_area_screen0</stringvalue>
		</li>
		<li type="string">
			<stringvalue>clock_screen0</stringvalue>
		</li>
	</entry>
	<entry name="object_id_list" mtime="1276693627" type="list" ltype="string">
		<li type="string">
			<stringvalue>yelp_launcher_screen0</stringvalue>
		</li>
		<li type="string">
			<stringvalue>menu_bar_screen0</stringvalue>
		</li>
	</entry>
	<entry name="toplevel_id_list" mtime="1276693627" type="list" ltype="string">
		<li type="string">
			<stringvalue>top_panel_screen0</stringvalue>
		</li>
	</entry>
</gconf>
