<?xml version="1.0"?>
<gconf>
	<entry name="togglekeys_enable" mtime="1276693628" type="bool" value="false"/>
	<entry name="timeout_enable" mtime="1276693628" type="bool" value="false"/>
	<entry name="timeout" mtime="1276693628" type="int" value="120"/>
	<entry name="stickykeys_two_key_off" mtime="1276693628" type="bool" value="true"/>
	<entry name="stickykeys_modifier_beep" mtime="1276693628" type="bool" value="true"/>
	<entry name="stickykeys_enable" mtime="1276693628" type="bool" value="false"/>
	<entry name="slowkeys_enable" mtime="1276693628" type="bool" value="false"/>
	<entry name="slowkeys_delay" mtime="1276693628" type="int" value="300"/>
	<entry name="slowkeys_beep_reject" mtime="1276693628" type="bool" value="false"/>
	<entry name="slowkeys_beep_press" mtime="1276693628" type="bool" value="true"/>
	<entry name="slowkeys_beep_accept" mtime="1276693628" type="bool" value="true"/>
	<entry name="mousekeys_max_speed" mtime="1276693628" type="int" value="750"/>
	<entry name="mousekeys_init_delay" mtime="1276693628" type="int" value="160"/>
	<entry name="mousekeys_enable" mtime="1276693628" type="bool" value="false"/>
	<entry name="mousekeys_accel_time" mtime="1276693628" type="int" value="1200"/>
	<entry name="feature_state_change_beep" mtime="1276693628" type="bool" value="false"/>
	<entry name="enable" mtime="1276693628" type="bool" value="false"/>
	<entry name="bouncekeys_enable" mtime="1276693628" type="bool" value="false"/>
	<entry name="bouncekeys_delay" mtime="1276693628" type="int" value="300"/>
	<entry name="bouncekeys_beep_reject" mtime="1276693628" type="bool" value="true"/>
</gconf>
